"Domain","Continuity Control / Task","Safety or Operational Rationale","Status","Priority","Owner","Maintenance Window","Evidence Link","Notes","Control ID","NIST sources","Planning horizon","Threat / gap","Review date","Reviewer","Rationale / approval","Next action"
"Governance","Create joint IT/OT PQC migration governance with plant operations, safety, engineering, cybersecurity, and vendor support.","OT migration decisions affect safety, uptime, quality, and physical process continuity.","Not Started","P1","","","","","OT-C001","N05, N13","2026 baseline","See task rationale","","","","Work remains"
"Governance","Define production change moratorium criteria, emergency rollback authority, and safety-stop conditions.","PQC pilots must not override safety operations or production continuity.","Not Started","P1","","","","","OT-C002","N05, N13","2026 baseline","See task rationale","","","","Work remains"
"Discovery","Inventory OT assets using public-key cryptography: remote access, engineering workstations, historians, gateways, HMIs, PLC/RTU management, vendor portals, and update mechanisms.","Unknown cryptographic dependencies can become hidden blockers.","Not Started","P1","","","","","OT-C003","N05, N13","2026 baseline","See task rationale","","","","Work remains"
"Discovery","Map protocols and gateways: TLS, SSH, VPN, OPC UA, MQTT, DNP3 Secure Authentication, IEC 61850, Modbus/TCP wrappers, vendor tunnels, and file transfer mechanisms.","Protocol constraints drive latency, certificate size, and compatibility testing.","Not Started","P1","","","","","OT-C004","N05, N13","2026 baseline","See task rationale","","","","Work remains"
"Latency","Capture baseline latency, jitter, packet loss, timeout, CPU, memory, and bandwidth for critical flows before any PQC/hybrid test.","PQC and hybrid changes can affect message size and computational overhead.","Not Started","P1","","","","","OT-C005","N05, N13","2026 baseline","See task rationale","","","","Work remains"
"Latency","Define maximum acceptable latency and failure thresholds for each control path, monitoring path, and maintenance path.","Test criteria must be engineering-approved, not security-only.","Not Started","P1","","","","","OT-C006","N05, N13","2026 baseline","See task rationale","","","","Work remains"
"Legacy Gateway","Identify gateways, terminal servers, protocol converters, serial-to-IP devices, VPN concentrators, and firewall appliances with embedded crypto.","Embedded/legacy devices may not support algorithm changes without firmware or replacement.","Not Started","P1","","","","","OT-C007","N05, N13","2026 baseline","See task rationale","","","","Work remains"
"Vendor Dependency","Request vendor PQC roadmap, supported firmware versions, cryptographic disclosure, maintenance-window requirements, and rollback guidance.","OT supplier support windows and certifications constrain safe migration sequencing.","Not Started","P1","","","","","OT-C008","N05, N13","2026 baseline","See task rationale","","","","Work remains"
"Hybrid Mode","Determine where hybrid classical/PQC mode can be tested without affecting deterministic control loops.","Hybrid mode may be useful during transition but must be tested for interoperability and performance.","Not Started","P2","","","","","OT-C009","N05, N13","2027 pilots and rollout","See task rationale","","","","Work remains"
"Maintenance Windows","Map change windows to production cycles, safety permits, staffing, vendor availability, and rollback duration.","OT changes often require constrained windows and onsite expertise.","Not Started","P1","","","","","OT-C010","N05, N13","2027 pilots and rollout","See task rationale","","","","Work remains"
"Rollback","Create and rehearse rollback for certificates, firmware, gateway configuration, firewall rules, remote access policy, trust stores, and monitoring baselines.","Rollback must restore safe and stable operation, not just application connectivity.","Not Started","P1","","","","","OT-C011","N05, N13","2027 pilots and rollout","See task rationale","","","","Work remains"
"Lab Validation","Build an OT-representative lab test using equivalent firmware, gateways, certificates, protocol paths, and monitoring tools.","Production OT should not be the first place PQC-related behavior is observed.","Not Started","P1","","","","","OT-C012","N05, N13","2027 pilots and rollout","See task rationale","","","","Work remains"
"Compensating Controls","Maintain compensating controls where PQC cannot be deployed: segmentation, allowlisting, jump hosts, strong monitoring, encryption overlays, maintenance access controls, and vendor contractual controls.","Legacy assets may remain in service for extended support windows.","Not Started","P2","","","","","OT-C013","N05, N13","2027 pilots and rollout","See task rationale","","","","Work remains"
"Monitoring","Update monitoring for handshake failures, certificate validation errors, VPN failures, remote access anomalies, and gateway performance changes.","Operational visibility is essential during pilot and rollback.","Not Started","P2","","","","","OT-C014","N05, N13","2027 pilots and rollout","See task rationale","","","","Work remains"
"Incident Response","Add PQC migration failure scenarios to OT incident and outage response runbooks.","Crypto migration can create authentication, availability, and remote access incidents.","Not Started","P2","","","","","OT-C015","N05, N13","2027 pilots and rollout","See task rationale","","","","Work remains"
"Lifecycle","Create lifecycle plan for unsupported devices, firmware end-of-life, vendor roadmap gaps, and compensating controls through decommissioning.","Some OT assets cannot migrate quickly and need managed exceptions.","Not Started","P1","","","","","OT-C016","N05, N13","2027 pilots and rollout","See task rationale","","","","Work remains"
"Safe discovery","Use passive observation and vendor-approved offline/maintenance-window discovery. Obtain operations approval before active probing.","Discovery must not disturb deterministic or fragile systems.","Not Started","P1","","","","","OT-C017","N07, N13","2026 baseline","Disruption from discovery","","","","Work remains"
"Inventory quality","Assign stable asset/flow IDs. Record hardware, firmware, library/provider, algorithm/parameter, key storage and observation date.","Support and replacement decisions need version-level evidence.","Not Started","P1","","","","","OT-C018","N05, N07, N13","2026 baseline","Hidden or stale dependencies","","","","Work remains"
"Threat assessment","Assess confidentiality lifetime and capture exposure for recipes, engineering IP, remote-access traffic and archives.","Harvest-now-decrypt-later exposure can outlast long asset lifecycles.","Not Started","P1","","","","","OT-C019","N06, N07","2026 baseline","Harvest now, decrypt later","","","","Work remains"
"Authenticity","Inventory secure boot, firmware signatures, update packages, engineering project signing and long-term verification.","Future forgery can affect device integrity and maintenance trust.","Not Started","P1","","","","","OT-C020","N02, N03, N13","2026 baseline","Future signature forgery","","","","Work remains"
"Protocol mapping","Separate encrypted, authenticated-only and unauthenticated legacy flows. Record actual cryptography and gateway boundaries.","Protocol names alone do not establish encryption or PQC protection.","Not Started","P1","","","","","OT-C021","N07, N13","2026 baseline","False protection assumptions","","","","Work remains"
"Algorithm selection","Map ML-KEM to key establishment and ML-DSA/SLH-DSA to signatures. Select supported profiles and measured parameters.","Final algorithms do not guarantee OT protocol or product support.","Not Started","P1","","","","","OT-C022","N01, N02, N03, N04","2027 pilots and rollout","Unsupported primitives or profiles","","","","Work remains"
"Safety boundaries","Map safety systems, fail-safe states, interlocks and deterministic loops. Record independent safety review and prohibited changes.","Crypto changes must preserve the approved safety function.","Not Started","P1","","","","","OT-C023","N13","2026 baseline","Unsafe process or safety-function loss","","","","Work remains"
"Resource limits","Measure handshake rate, certificate size, CPU/RAM, fragmentation, packet loss and failover under worst credible load.","Average latency can hide timing and availability failures.","Not Started","P1","","","","","OT-C024","N08, N13","2027 pilots and rollout","Resource exhaustion or timing failure","","","","Work remains"
"Recovery","Test power loss, cold start, disconnected operation, time-sync loss and offline validation in representative configurations.","OT can remain isolated or offline for long periods.","Not Started","P1","","","","","OT-C025","N09, N13, N15","2027 pilots and rollout","Recovery or offline authentication failure","","","","Work remains"
"Key lifecycle","Test expiry, renewal, revocation, trust-anchor distribution and key recovery across redundant/intermittent sites.","Trust failures can disable maintenance or process visibility.","Not Started","P1","","","","","OT-C026","N05, N09, N13","2027 pilots and rollout","Expired credentials or lost keys","","","","Work remains"
"Firmware authenticity","Verify new and historical signatures, reject tampering and unauthorized downgrade, and document approved recovery media.","Rollback must not authorize unauthenticated or unsafe software.","Not Started","P1","","","","","OT-C027","N02, N03, N13, N15","2027 pilots and rollout","Forged firmware or unsafe downgrade","","","","Work remains"
"Hybrid policy","Record vendor-supported construction, negotiation and downgrade policy. Test component failures and capture algorithms.","Hybrid adoption is protocol-dependent and can retain vulnerable paths.","Not Started","P1","","","","","OT-C028","N04, N05","2027 pilots and rollout","Downgrade or insecure composition","","","","Work remains"
"Gateway boundary","Document cleartext segments, trust termination and residual risk behind gateways. Test overlay failure and failover.","An overlay protects only its defined path and does not repair endpoint trust.","Not Started","P1","","","","","OT-C029","N13","2027 pilots and rollout","Exposed legacy segment or single point of failure","","","","Work remains"
"Supplier evidence","Obtain exact supported versions, release commitments, test evidence, patch policy, end of support and safety/certification impact.","Roadmaps must be tied to a deployable, supportable product.","Not Started","P1","","","","","OT-C030","N29","2026 baseline","Supplier delay or unsupported lifecycle","","","","Work remains"
"Module assurance","Where required, verify CMVP certificate, module/version, operating environment, approved mode, PQC service coverage and current status.","Algorithm approval is not module/product validation. Historical status is not revocation.","Not Started","P1","","","","","OT-C031","N24, N25, N26","2027 pilots and rollout","Unsupported assurance claim","","","","Work remains"
"Lab exit review","Require approved engineering limits, representative tests, safety/operations approval and vendor-supported rollback before release.","Passing connectivity tests alone cannot authorize an OT change.","Not Started","P1","","","","","OT-C032","N05, N13","2027 pilots and rollout","Premature production change","","","","Work remains"
"Backup governance","Include device configs, firmware, logic, trust stores, certificates and recovery credentials in protected backups. Test restoration and document dependencies.","Backup availability is only useful when the safe process state can be restored.","Not Started","P1","","","","","OT-C033","N13, N15","2026 baseline","Unrecoverable process state","","","","Work remains"
"Exception management","Record owner, risk approver, controls, review/expiry date, replacement milestone and decommission evidence for unsupported assets.","Residual risk needs review through long asset lifecycles.","Not Started","P1","","","","","OT-C034","N13, N27","2028+ continuous migration","Permanent unmanaged exposure","","","","Work remains"
"Continuous assurance","Reconcile after firmware updates, plant expansion, cloud/IIoT integration or vendor access changes. Retest critical flows.","Later operational changes can invalidate previous migration results.","Not Started","P1","","","","","OT-C035","N05, N13; N14 draft watch","2028+ continuous migration","Drift or silent fallback","","","","Work remains"
"Standards watch","Monitor draft SP 800-82 Rev. 4 (2026-09-21), IR 8547, key-management/transition drafts, SP 800-230, SP 800-133 Rev. 3 and pending HQC/FN-DSA.","SP 800-82 Rev. 3 remains the final OT baseline. Draft proposals and future dates are not mandates.","Not Started","P1","","","","","OT-C036","N06, N10, N12, N14, N19-N21, N30, N31","2028+ continuous migration","Stale standards or premature adoption","","","","Work remains"
"Retirement","Confirm migration or safe retirement of legacy keys, trust anchors, gateways, firmware verification and recovery-media dependencies.","Residual dependencies preserve exposure after the primary path migrates.","Not Started","P1","","","","","OT-C037","N05, N09, N13","2028+ continuous migration","Residual quantum-vulnerable paths","","","","Work remains"
