"Domain","Control / Task","Why It Matters","Product-family mapping","NIST/PQC Alignment","Status","Priority","Owner","Due Date","Evidence Link","Notes","Control ID","Planning horizon","Guidance status","Review date","Reviewer","Rationale / approval","Next action","Threat / gap"
"Governance","Assign cloud/IAM PQC migration owner and define scope for cloud accounts, tenants, subscriptions, projects, and SaaS providers.","Cloud and identity trust paths cross organizational boundaries and require accountable ownership.","Cloud services; SaaS; identity services","NIST NCCoE migration scope and inventory","Not Started","P1","","","","","CLD-C001","2026 baseline","Local task mapped to NIST guidance","","","","Work remains","See task rationale"
"Governance","Define cryptographic change control for managed cloud services, identity providers, certificate authorities, service mesh, and CI/CD signing.","Provider-managed services may change cryptographic behavior outside application release cycles.","Cloud services; web software","Crypto-agility governance","Not Started","P1","","","","","CLD-C002","2026 baseline","Local task mapped to NIST guidance","","","","Work remains","See task rationale"
"Discovery","Inventory all managed certificates, private CAs, public CAs, certificate automation tools, and TLS termination points.","Certificate and TLS dependencies are common PQC migration blockers.","Web software; cloud services","FIPS 203/204/205 planning; NCCoE discovery","Not Started","P1","","","","","CLD-C003","2026 baseline","Local task mapped to NIST guidance","","","","Work remains","See task rationale"
"Discovery","Inventory all workload identities: service principals, managed identities, IAM roles, Kubernetes service accounts, SPIFFE/SPIRE IDs, service mesh identities, and CI/CD identities.","Machine identities frequently rely on certificates, tokens, or signed assertions.","Cloud services; SaaS; identity services","Identity and key lifecycle planning","Not Started","P1","","","","","CLD-C004","2026 baseline","Local task mapped to NIST guidance","","","","Work remains","See task rationale"
"Certificates","Map TLS/mTLS endpoints by issuer, algorithm, key size, validity period, renewal automation, and termination layer.","PQC signature and key-establishment changes may affect certificate chain size and handshake behavior.","Web software; cloud services","FIPS 203 key establishment; FIPS 204/205 signatures","Not Started","P1","","","","","CLD-C005","2026 baseline","Local task mapped to NIST guidance","","","","Work remains","See task rationale"
"Certificates","Identify certificate chain-size, header-size, MTU, proxy, load balancer, API gateway, and service mesh limits.","PQC and hybrid credentials can increase message sizes and trigger interoperability issues.","Web software; cloud services","Interoperability testing","Not Started","P1","","","","","CLD-C006","2026 baseline","Local task mapped to NIST guidance","","","","Work remains","See task rationale"
"PKI","Request CA roadmap for ML-DSA/SLH-DSA or supported hybrid certificate profiles where applicable.","PKI migration depends on issuer and relying-party support.","Web software; cloud services","FIPS 204/205 signature planning","Not Started","P1","","","","","CLD-C007","2026 baseline","Local task mapped to NIST guidance","","","","Work remains","See task rationale"
"IAM","Inventory token-signing algorithms for OIDC, OAuth, SAML, JWT, federation metadata, and session-token verification.","Identity assurance can fail if relying parties cannot validate new signature algorithms.","SaaS; cloud services; identity services","Digital signature migration planning","Not Started","P1","","","","","CLD-C008","2026 baseline","Local task mapped to NIST guidance","","","","Work remains","See task rationale"
"IAM","Map relying-party applications and libraries that validate tokens or signed assertions.","Verifier compatibility is as important as issuer readiness.","SaaS; web software","Crypto-agility and interoperability testing","Not Started","P1","","","","","CLD-C009","2026 baseline","Local task mapped to NIST guidance","","","","Work remains","See task rationale"
"Workload Identity","Document Kubernetes/service-mesh certificate issuers, trust bundles, mTLS policies, rotation intervals, and sidecar/gateway constraints.","Workload identity often depends on short-lived certs and service-to-service trust.","Cloud services; web software","Certificate lifecycle and key establishment","Not Started","P1","","","","","CLD-C010","2026 baseline","Local task mapped to NIST guidance","","","","Work remains","See task rationale"
"Workload Identity","Document serverless, container, and VM identity mechanisms and whether they use signed tokens, certificates, cloud metadata, or workload attestation.","Provider-managed identity abstractions still depend on cryptographic primitives.","Cloud services","Inventory and supplier readiness","Not Started","P2","","","","","CLD-C011","2026 baseline","Local task mapped to NIST guidance","","","","Work remains","See task rationale"
"Key Management","Inventory KMS, HSM, secrets managers, envelope encryption, key wrapping, and external key store dependencies.","Key lifecycle controls must support migration without breaking availability or compliance.","Cloud services; endpoint/data-at-rest","Crypto-agility and C-SCRM","Not Started","P1","","","","","CLD-C012","2026 baseline","Local task mapped to NIST guidance","","","","Work remains","See task rationale"
"Key Management","Confirm key rotation, backup, escrow, destruction, and recovery processes remain valid during algorithm or provider changes.","Poorly sequenced key changes can break recovery or data access.","Cloud services; endpoint/data-at-rest","Operational resilience","Not Started","P2","","","","","CLD-C013","2026 baseline","Local task mapped to NIST guidance","","","","Work remains","See task rationale"
"CI/CD Signing","Inventory artifact signing, container signing, IaC signing, package repository signing, and build-provenance attestations.","Software supply-chain trust relies on signature verification at multiple points.","Cloud services; web software; endpoint security","FIPS 204/205 signature planning; SP 800-161","Not Started","P1","","","","","CLD-C014","2026 baseline","Local task mapped to NIST guidance","","","","Work remains","See task rationale"
"SaaS","Request SaaS providers' PQC readiness, certificate roadmap, token-signing roadmap, data-at-rest key lifecycle, and support-window commitments.","SaaS migration depends on supplier-controlled trust chains.","SaaS; cloud services","SP 800-161 supplier risk","Not Started","P1","","","","","CLD-C015","2026 baseline","Local task mapped to NIST guidance","","","","Work remains","See task rationale"
"Testing","Create non-production pilot for TLS/mTLS, identity token verification, API gateway, service mesh, logging, monitoring, and rollback.","PQC readiness should be demonstrated before enterprise rollout.","Cloud services; web software","NCCoE interoperability testing","Not Started","P1","","","","","CLD-C016","2027 pilots and rollout","Local task mapped to NIST guidance","","","","Work remains","See task rationale"
"Operations","Update runbooks for certificate renewal failure, token-signing key changes, trust-bundle distribution, emergency rollback, and vendor outage.","Migration failure modes require operational recovery paths.","Cloud services; web software; SaaS","Operational continuity","Not Started","P2","","","","","CLD-C017","2027 pilots and rollout","Local task mapped to NIST guidance","","","","Work remains","See task rationale"
"Procurement","Add PQC support, crypto inventory/CBOM, roadmap, testing evidence, and notification clauses to vendor evaluations.","Future procurement should not introduce unmanaged quantum-vulnerable dependencies.","CISA product categories; cloud services; web software; endpoint security","SP 800-161 C-SCRM","Not Started","P1","","","","","CLD-C018","2027 pilots and rollout","Local task mapped to NIST guidance","","","","Work remains","See task rationale"
"Threat assessment","Record confidentiality lifetime and capture exposure for traffic, backups, secrets exchange and retained sensitive data.","Harvest-now-decrypt-later risk depends on data lifetime and capture exposure.","Cloud / identity / supply chain","N06, N07","Not Started","P1","","","","","CLD-C019","2026 baseline","Includes draft watch; see Sources","","","","Work remains","Harvest now, decrypt later"
"Threat assessment","Record verification lifetime for tokens, trust anchors, release artifacts, audit evidence and archived records.","Future forgery affects authentication and long-lived authenticity differently from confidentiality.","Cloud / identity / supply chain","N02, N03, N09, N16","Not Started","P1","","","","","CLD-C020","2026 baseline","Local task; source status in Sources","","","","Work remains","Future signature forgery"
"Discovery","Record library/provider, exact build, protocol version, parameter set, config location, discovery method, last observed date and gaps.","Product names and account inventories alone do not identify cryptographic use.","Cloud / identity / supply chain","N05, N07, N08","Not Started","P1","","","","","CLD-C021","2026 baseline","Local task; source status in Sources","","","","Work remains","Hidden or stale dependencies"
"Discovery","Map issuers, intermediaries, all relying parties, partner APIs, multi-region paths, egress, backups and recovery environments.","The least-ready trust dependency can block migration.","Cloud / identity / supply chain","N05, N07, N16","Not Started","P1","","","","","CLD-C022","2026 baseline","Local task; source status in Sources","","","","Work remains","Unmapped trust and recovery paths"
"Algorithm selection","Separate ML-KEM shared-secret establishment from ML-DSA/SLH-DSA signatures. Record parameter set, KDF and consuming protocol.","KEM adoption does not replace certificate or token signatures.","Cloud / identity / supply chain","N01, N02, N03, N04","Not Started","P1","","","","","CLD-C023","2026 baseline","Local task; source status in Sources","","","","Work remains","Wrong primitive or parameters"
"KEM engineering","Review vetted implementation, randomness, key separation, input validation, decapsulation failure behavior and shared-secret destruction.","Correct algorithms can fail through implementation or key-management defects.","Cloud / identity / supply chain","N04, N09","Not Started","P1","","","","","CLD-C024","2027 pilots and rollout","Local task; source status in Sources","","","","Work remains","Malformed ciphertext, side channels or secret leakage"
"Module assurance","Verify CMVP certificate, module/version, operating environment, approved mode, PQC service coverage and current status where required.","CAVP or a marketing claim is not module, protocol or whole-product validation. Historical is not the same as revoked.","Cloud / identity / supply chain","N24, N25, N26","Not Started","P1","","","","","CLD-C025","2026 baseline","Local task; source status in Sources","","","","Work remains","Unsupported assurance claim"
"Interoperability","Record protocol profile and maturity for TLS, SSH, VPN, JOSE/COSE, OIDC/SAML and X.509. Test exact endpoint/verifier versions.","Final algorithms do not make every protocol integration standardized or supported.","Cloud / identity / supply chain","N01, N02, N03, N08, N16","Not Started","P1","","","","","CLD-C026","2027 pilots and rollout","Local task; source status in Sources","","","","Work remains","Protocol/profile incompatibility"
"Hybrid policy","Document supported hybrid construction, combiner, negotiation and downgrade policy. Test failure of either component and log negotiated results.","Hybrid properties depend on protocol construction and implementation.","Cloud / identity / supply chain","N04, N05","Not Started","P1","","","","","CLD-C027","2027 pilots and rollout","Local task; source status in Sources","","","","Work remains","Downgrade or insecure composition"
"Capacity","Measure handshake, certificate and token sizes, HTTP header/cookie limits, CPU, RAM, concurrency, tail latency, MTU and denial-of-service behavior.","Larger keys, signatures and messages can disrupt authentication or availability.","Cloud / identity / supply chain","N08, N16, N17","Not Started","P1","","","","","CLD-C028","2027 pilots and rollout","Local task; source status in Sources","","","","Work remains","Resource exhaustion or availability loss"
"Federation","Test JWKS/metadata distribution, caches, key identifiers, rollover overlap, token expiry, and rejection of disallowed algorithms.","Successful issuance does not prove safe verification across relying parties.","Cloud / identity / supply chain","N09, N16","Not Started","P1","","","","","CLD-C029","2027 pilots and rollout","Local task; source status in Sources","","","","Work remains","Stale trust or algorithm confusion"
"Workload identity","Include service and automated workload signed-token issuers and every validator. Verify audience, issuer, lifetime and delegated scope.","A new token signature cannot repair excessive privileges or incorrect token validation.","Cloud / identity / supply chain","N16, N17, N22, N23","Not Started","P1","","","","","CLD-C030","2026 baseline","Local task; source status in Sources","","","","Work remains","Token replay, excessive delegation or validator gaps"
"PKI lifecycle","Test enrollment, renewal, revocation, chain building and trust-store distribution across all supported issuer/verifier versions.","A migrated CA can still break trust, renewal or revocation.","Cloud / identity / supply chain","N02, N03, N09","Not Started","P1","","","","","CLD-C031","2027 pilots and rollout","Local task; source status in Sources","","","","Work remains","Trust outage or stale revoked credentials"
"Data recovery","Inventory archive/backup key wrapping. Test old-data restore, key recovery and rewrapping. Assess bulk symmetric encryption separately.","Long-lived data depends on protecting its key management and recovery paths.","Cloud / identity / supply chain","N04, N09","Not Started","P1","","","","","CLD-C032","2027 pilots and rollout","Local task; source status in Sources","","","","Work remains","Loss of confidentiality or recovery"
"Supplier evidence","Require exact support versions, release dates, interoperability evidence, security updates, lifecycle dates and notification commitments.","A roadmap without version-level evidence cannot support an approved wave.","Cloud / identity / supply chain","N05, N29","Not Started","P1","","","","","CLD-C033","2026 baseline","Local task; source status in Sources","","","","Work remains","Supplier delay or unsupported products"
"Release approval","Record owner-approved tests, monitoring, incident contacts and rollback. Obtain production authorization separately from a successful lab result.","Deployment decisions require complete operational evidence.","Cloud / identity / supply chain","N05, N27","Not Started","P1","","","","","CLD-C034","2027 pilots and rollout","Local task; source status in Sources","","","","Work remains","Premature rollout or outage"
"Exception management","Record unsupported dependencies, compensating controls, approver, review/expiry date and replacement milestone.","Accepted residual risk does not make a legacy path quantum resistant.","Cloud / identity / supply chain","N05, N27","Not Started","P1","","","","","CLD-C035","2027 pilots and rollout","Local task; source status in Sources","","","","Work remains","Permanent legacy exception"
"Continuous assurance","Rediscover cryptography after releases, acquisitions, provider changes and trust updates. Detect classical fallback and inventory drift.","Crypto agility requires maintained evidence after initial migration.","Cloud / identity / supply chain","N05, N07","Not Started","P1","","","","","CLD-C036","2028+ continuous migration","Local task; source status in Sources","","","","Work remains","Silent regression"
"Standards watch","Review FIPS errata, IR 8547, draft SP 800-131A Rev. 3, SP 800-57 Part 1 Rev. 6, SP 800-133 Rev. 3 and SP 800-230; monitor pending FN-DSA/HQC.","Drafts, candidates and forecasts are not finalized approvals. Do not defer current migration for a future algorithm.","Cloud / identity / supply chain","N01-N06, N10, N12, N19-N21, N30, N31","Not Started","P1","","","","","CLD-C037","2028+ continuous migration","Includes draft watch; see Sources","","","","Work remains","Stale guidance or premature standards claims"
"Retirement","Retire replaced keys, trust anchors, configs and unsupported dependencies after validating recovery and retention obligations.","Migration is incomplete while unmanaged fallback or verification remains.","Cloud / identity / supply chain","N05, N09","Not Started","P1","","","","","CLD-C038","2028+ continuous migration","Local task; source status in Sources","","","","Work remains","Residual quantum-vulnerable paths"
